Date,Route,Rating,Notes,URL,Pitches,Location,"Avg Stars","Your Stars",Style,"Lead Style","Route Type","Your Rating",Length,"Rating Code"
2026-10-01,"5.10c sport",5.10c,"Solo Onsight. Second top rope solo",https://www.mountainproject.com/route/112166317/510c-sport,1,"* In Progress > Generic Area",2.6,-1,TR,,Sport,,,3200
2026-10-01,"5.10d sport",5.10d,"Redpoint. w/ Bill",https://www.mountainproject.com/route/112166322/510d-sport,1,"* In Progress > Generic Area",2.9,-1,TR,,Sport,,,3500
2026-10-01,"5.10 a/b sport",5.10a/b,"Flash. w/ John",https://www.mountainproject.com/route/119494393/510-ab-sport,1,"* In Progress > Generic Area",3.1,-1,TR,,Sport,,1,2800
2026-10-01,"V-easy boulder",V-easy,,https://www.mountainproject.com/route/118097450/v-easy-boulder,1,"* In Progress > Generic Area",4.0,-1,Flash,,Boulder,,,20000
2026-10-01,"V5 boulder",V5,,https://www.mountainproject.com/route/112232357/v5-boulder,1,"* In Progress > Generic Area",3.1,-1,Attempt,,Boulder,,,20500
2026-10-01,"V3 boulder",V3,,https://www.mountainproject.com/route/112232351/v3-boulder,1,"* In Progress > Generic Area",3.2,-1,Send,,Boulder,,,20300
2026-10-01,"C1+ Aid",C1+,"Solo Flash. First top rope solo",https://www.mountainproject.com/route/127378380/c1-aid,1,"* In Progress > Generic Area",3.0,-1,TR,,"Trad, Aid",,,0
2026-10-01,"5.3 Trad",5.3,"Solo. First lead rope solo",https://www.mountainproject.com/route/119745807/53-trad,1,"* In Progress > Generic Area",1.0,-1,Lead,Flash,Trad,,,1300
2026-09-27,"5.7+ sport",5.7+,"w/ Tom. Scary",https://www.mountainproject.com/route/121671102/57-sport,1,"* In Progress > Generic Area",2.8,-1,Solo,,Sport,,,1900
2026-09-27,"5.10a sport",5.10a,"w/ Joe. Finally sent",https://www.mountainproject.com/route/112166313/510a-sport,1,"* In Progress > Generic Area",2.6,-1,Lead,Pinkpoint,Sport,,,2600
2026-09-27,"5.12- C1",5.12-,"w/ Joe. Committing crux",https://www.mountainproject.com/route/201168358/512-c1,5,"* In Progress > Generic Area",-1.0,-1,Follow,,Trad,,500,6700
2026-09-21,"5.6 sport",5.6,"w/ Bill. Multi-pitch practice",https://www.mountainproject.com/route/112166261/56-sport,3,"* In Progress > Generic Area",2.3,-1,Lead,Flash,Sport,,,1600
2026-09-20,"5.8+ sport",5.8+,"with Bob. Second lap",https://www.mountainproject.com/route/122207267/58-sport,1,"* In Progress > Generic Area",3.2,-1,Lead,Redpoint,Sport,,,2200
2026-09-20,"5.8+ sport",5.8+,"w/ Bob. Fun route, felt good",https://www.mountainproject.com/route/122207267/58-sport,1,"* In Progress > Generic Area",3.2,-1,Lead,Onsight,Sport,,,2200
2026-09-14,"5.10a sport",5.10a,"Fell / Hung. w/ Joe & Tom. Figured out the beta, clipping
from the jug",https://www.mountainproject.com/route/112166313/510a-sport,1,"* In Progress > Generic Area",2.6,-1,Lead,Fell/Hung,Sport,5.10b,,2600
2026-09-14,"5.10c sport",5.10c,"Fell/Hung. w/ Tom's rope. Forgot to use the undercling",https://www.mountainproject.com/route/112166317/510c-sport,1,"* In Progress > Generic Area",2.6,-1,TR,Fell/Hung,Sport,,,3200
2026-09-06,"5.10 a/b sport",5.10a/b,"solo flash w/ John. Pumped at the top",https://www.mountainproject.com/route/119494393/510-ab-sport,1,"* In Progress > Generic Area",3.0,-1,TR,,Sport,,1,2800
2026-08-30,"Malibu Creek Traverse",3rd V0 PG13,"with Ana",https://www.mountainproject.com/route/200953736/malibu-creek-traverse,1,"California > Los Angeles Basin > Santa Monica Mountains > Malibu Creek State Park > Rock Pool",2.4,-1,Send,,Boulder,,,800
2026-08-30,"Malibu Creek Traverse",3rd V0 PG13,"with Ana",https://www.mountainproject.com/route/200953736/malibu-creek-traverse,1,"California > Los Angeles Basin > Santa Monica Mountains > Malibu Creek State Park > Rock Pool",2.4,-1,Send,,Boulder,,,800
2026-08-23,"V5 boulder",V5,"attempt w/ REI",https://www.mountainproject.com/route/112232357/v5-boulder,1,"* In Progress > Generic Area",3.1,-1,Attempt,,Boulder,,,20500
2026-08-16,"Keeping it Riel (Since 1885)",5.6,"w/ Ana, Bill, & Tom. Linked 1+2, 3+4 with a bit of simuling",https://www.mountainproject.com/route/117376550/keeping-it-riel-since-1885,4,"International > North America > Canada > Alberta > Banff National Park > Cascade Mountain > Falls Area Rock",2.1,-1,Lead,Onsight,Sport,,500,1600
2026-08-09,"Señor Slabby",5.9 PG13,"Flash. w/ Dana from climbing meetup group. Thin crack that you can&#39;t jam",https://www.mountainproject.com/route/121964621/senor-slabby,1,"Nevada > Western Nevada > Lake Tahoe Area > Lakeside",2.4,-1,TR,,"Trad, TR",,40,2400
2026-08-02,"Patio Cracks - Left",5.8+,"to set up TR anchors. Soloed w/o a rope",https://www.mountainproject.com/route/112833955/patio-cracks-left,1,"California > Yosemite National Park > Yosemite Valley > Valley North Side > E. Yosemite Falls Area > A. Swan Slab",1.9,-1,Solo,,,,12,2200
2026-07-19,"Right Crack",5.10a V1- R,"TR. redpoint with Dana",https://www.mountainproject.com/route/116604247/right-crack,1,"California > San Francisco Bay Area > South Bay Area > Lexington Rock",2.8,-1,,,"Trad, TR, Boulder",,50,2600
2026-07-12,"The Knights Who Say ""Ni""",5.5,"Redpoint with Joe and Bob",https://www.mountainproject.com/route/121453674/the-knights-who-say-ni,1,"California > Lake Tahoe > South Shore > The Pie Shop > 3. Monty Python Castles > Castle Arrruuuuuuuugggh",2.3,-1,Lead,,Sport,,120,1500
2026-07-05,"The Knights Who Say ""Ni""",5.5," w/ Joe. Took the &#34;scenic&#34; descent",https://www.mountainproject.com/route/121453674/the-knights-who-say-ni,1,"California > Lake Tahoe > South Shore > The Pie Shop > 3. Monty Python Castles > Castle Arrruuuuuuuugggh",2.3,-1,Lead,Onsight,Sport,,120,1500
2026-06-27,"C1+ Aid",C1+,"Aid w/ Bill. First attempt at clean aid",https://www.mountainproject.com/route/127378380/c1-aid,1,"* In Progress > Generic Area",3.0,-1,Lead,,"Trad, Aid",,,0
2026-06-21,"5.6 sport",5.6,"Solo w/ Bill. First proper lead rope solo",https://www.mountainproject.com/route/112166261/56-sport,1,"* In Progress > Generic Area",2.3,-1,Lead,Redpoint,Sport,,,1600
2026-06-14,"V3 boulder",V3,"onsight w/ climbing class: Alex, Tommy-Lee, Chris",https://www.mountainproject.com/route/112232351/v3-boulder,1,"* In Progress > Generic Area",3.2,-1,Flash,,Boulder,,,20300
2026-06-07,"Lil’ Jim Corner",5.6,"Climbed with Priya. Two #4s would’ve been nice, bumped one most of the way",https://www.mountainproject.com/route/114814486/lil-jim-corner,1,"California > High Desert > Barstow Area > New Jack City > Box Canyon East > Parking Lot Crag",2.2,3,Lead,Onsight,Sport,,50,1600
